ISO,no_ai_first_negative_year_cap0,no_ai_first_negative_year_raw_linear,headroom_2025_cap0_GW,headroom_2035_cap0_GW,headroom_2035_raw_linear_GW,baseline_nonAI_shortfall_raw_2035_GW,cap0_interpretation,mid_total_ai_demand_2035_GW,mid_incremental_ai_growth_2035_GW,mid_with_ai_margin_2035_GW,mid_ai_attributable_shortfall_2035_GW,raw_linear_audit_flag
PJM,,,18.529105401590233,10.836693491667507,10.836693491667507,0.0,no negative no-AI margin under main cap-at-zero convention,28.471181837241687,16.879839463717477,-6.04314597204997,6.04314597204997,raw-linear no-AI slack remains non-negative
MISO,,2030.0,8.248465435501188,0.0,-11.63923420575168,-0.0,no negative no-AI margin under main cap-at-zero convention,7.762051424788344,5.97744813869023,-5.97744813869023,5.97744813869023,"raw-linear no-AI slack is negative; retained as sensitivity, not counted as AI-attributable"
SPP,,,3.927174212766695,5.120710442016425,5.120710442016425,0.0,no negative no-AI margin under main cap-at-zero convention,9.395819575470377,7.430985918768117,-2.310275476751692,2.310275476751692,raw-linear no-AI slack remains non-negative
ERCOT,,,10.463465388933196,15.196439259431909,15.196439259431909,0.0,no negative no-AI margin under main cap-at-zero convention,8.572751487296026,6.245946994885564,8.950492264546345,0.0,raw-linear no-AI slack remains non-negative
CAISO,,,4.746581645236816,19.272207965973763,19.272207965973763,0.0,no negative no-AI margin under main cap-at-zero convention,3.87377223311337,2.1458014045132003,17.126406561460563,0.0,raw-linear no-AI slack remains non-negative
NYISO,,,4.873455023478029,5.053637607667766,5.053637607667766,0.0,no negative no-AI margin under main cap-at-zero convention,0.4295443054108127,0.3682262245976369,4.685411383070129,0.0,raw-linear no-AI slack remains non-negative
ISO-NE,,,7.828421913620434,5.214409548228257,5.214409548228257,0.0,no negative no-AI margin under main cap-at-zero convention,0.1268574211448705,0.0770125727056204,5.137396975522637,0.0,raw-linear no-AI slack remains non-negative
