ISO,headroom_gw,ai_gw,nonai_gw,new_supply_gw,margin_gw,ai_to_headroom,p90_beta_gw,firm_share,vre_share,risk_label,cluster
PJM,2.1722393379197675,2.1072500884070977,-0.8793907906967424,-1.1014462113181616,-1.1602741530297112,0.418623385739531,-0.9668965045678404,1.4522404654360805,-1.4522404654360814,Demand-led tightening,deficit pressure
MISO,-0.026811439305144465,0.07243927392122401,0.471950997704874,-1.1781077050244868,-1.1519199130726807,0.10021016922140678,-1.0558338549434718,0.10534330970142881,-0.10534330970142976,"Tight-margin, growth-exposed",deficit pressure
SPP,-0.951144832295708,0.34372603166002524,0.3663190819915972,0.12363379628944964,-0.6855964619789346,2.0954952498526787,0.7488470892586222,-0.9985293657741817,0.9985293657741812,"Tight-margin, growth-exposed",low-headroom growth
ERCOT,0.44698176668344974,0.12255161716551571,2.1015836175930116,0.6116058421033235,0.7463404984998679,-0.11810457355055577,-1.0921301553829637,-1.3740412720506383,1.3740412720506363,Balanced but growth-exposed,high-margin limited growth
CAISO,-0.7758718378925421,-0.642695230019673,-0.5678484431529643,1.9616905545439032,1.7860026366791792,-0.3656622610923797,1.7186819570569263,-0.7529930194861431,0.752993019486143,"Moderate-margin, limited-growth",supply-buffered expansion
NYISO,-0.748733352161033,-0.9744599861930001,-0.8376579263274977,-0.016074344221362696,0.2039860965687161,-1.0091235862321608,0.1944003170220232,1.0990860876785455,-1.0990860876785469,"High-margin, limited-growth",high-margin limited growth
ISO-NE,-0.11665964294878928,-1.0288117949411892,-0.6549565371122791,-0.4013019323726651,0.2614612963335636,-1.121438383938521,0.45293115155670527,0.4688937944949045,-0.46889379449490465,"High-margin, limited-growth",high-margin limited growth
