ISO,zones,n_obs_median,ols_r2_median,huber_beta_median,beta_eff_median,beta_eff_p90
CAISO,4,174.0,0.3117090764466726,0.030344277718295003,0.030344277718295003,0.4274096759477797
ERCOT,4,174.0,0.2111942814532747,0.0015041530332371498,0.0017660253323135,0.00242415608720022
ISO-NE,8,279.0,0.47160452291234956,0.075552994953497,0.075552994953497,0.16421899349770314
MISO,6,174.0,0.38913641256127246,0.0046631536936493495,0.0046631536936493495,0.0069300313037915
NYISO,11,174.0,0.5585613350523275,0.1331701343554873,0.1331701343554873,0.384649793692142
PJM,14,171.0,0.35179505086336965,0.0148804929104643,0.0148804929104643,0.030353577977761437
SPP,17,173.0,0.2015861418355875,0.0228491039305053,0.023879057233894448,0.17670742436117334
