ISO,headroom_gw,ai_gw,nonai_gw,new_supply_gw,margin_gw,ai_to_headroom,p90_beta_gw,firm_share,vre_share,first_deficit_mid
PJM,18.529105401590233,16.879839463717477,-2.3686592328165714,-7.692411909922726,-6.043145972049971,0.910990525331503,16.85791240648027,0.881295433640922,0.1187045663590777,2032.4142973852456
MISO,8.248465435501188,5.97744813869023,8.894125206873316,-8.248465435501188,-5.97744813869023,0.7246739633487997,9.45720684784235,0.7265294199195926,0.2734705800804071,2027.460138896829
SPP,3.927174212766695,7.430985918768117,8.013733949205387,1.1935362292497302,-2.3102754767516926,1.8921966574874678,159.6293475616705,0.5996882777344829,0.4003117222655169,2027.1710618587301
ERCOT,10.463465388933196,6.245946994885564,22.476329998598697,4.7329738704987125,8.950492264546345,0.596929101661832,6.43689838029732,0.5565398602091629,0.44346013979083676,
CAISO,4.746581645236816,2.1458014045132003,0.22789652704845503,14.525626320736949,17.126406561460563,0.4520730000855473,240.33180009439604,0.6279017767213246,0.37209822327867526,
NYISO,4.873455023478029,0.36822622459763693,-2.0208358623888927,0.1801825841897371,4.685411383070129,0.07555753009388515,113.4924063111187,0.8407160211437901,0.1592839788562096,
ISO-NE,7.828421913620434,0.07701257270562041,-0.4981075776395592,-2.6140123653921763,5.137396975522637,0.009837560309776939,135.00542166562562,0.7683034032399848,0.231696596760015,
