ISO,headroom_gw,ai_gw,nonai_gw,new_supply_gw,margin_gw,ai_to_headroom,p90_beta_gw,firm_share,vre_share,first_deficit_mid
PJM,1.0,1.0,0.0,0.024416057137652977,0.0,0.4787359470214089,0.044554258984751495,1.0,0.0,1.0
MISO,0.29593970597821007,0.35115731443623105,0.4533221703090396,0.0,0.002835524478287675,0.3797555971710236,0.012913100907333596,0.5234384676269448,0.47656153237305526,0.055133330676636526
SPP,0.0,0.43766286433601675,0.41788680547681345,0.4145939941672811,0.16111103094888699,1.0,0.6549627548899201,0.1328642864212051,0.8671357135787953,0.0
ERCOT,0.4476319667339237,0.36713670040127716,1.0,0.5700090894928491,0.6471267934463021,0.31189136134136625,0.0,0.0,1.0,
CAISO,0.05611637405176265,0.12312147504859514,0.10451023889283112,1.0,1.0,0.2349368090492588,1.0,0.21974039046679214,0.7802596095332086,
NYISO,0.0648051821690289,0.017331229666348112,0.013999739230632195,0.3700980969913851,0.4630455137017945,0.03491361976715561,0.45770774457358887,0.8750462938377903,0.12495370616220958,
ISO-NE,0.26717340675045725,0.0,0.07528888975374526,0.24740626894882245,0.4825532530851423,0.0,0.5496850181133232,0.6520705427564272,0.34792945724357316,
