ISO,n_zones,median_beta_gw,p90_beta_gw,max_beta_gw,median_lmp,p90_lmp
CAISO,4,27.58276355884275,240.33180009439604,322.8746666866706,43.49590954627314,47.91319510770385
ERCOT,4,5.7313421121169,6.43689838029732,6.5229330911796,33.3765574302401,39.19052163929516
ISO-NE,8,74.31626071311025,135.00542166562562,196.975409906779,54.34900890700483,54.71701645531401
MISO,6,6.44231123684065,9.45720684784235,11.5532776763956,29.70391639467738,32.03650815967863
NYISO,11,73.99336745303161,113.4924063111187,248.1733844353141,41.88705826313678,44.48629963898917
PJM,14,8.18996144698345,16.85791240648027,19.0095025644688,33.45697019222274,40.061374020312336
SPP,17,41.8502476417942,159.6293475616705,355.9234154410843,25.430789205988415,29.27675412208633
