cluster_id_raw,cluster,members,headroom_ratio_mean,ai_to_headroom_mean,nonai_to_headroom_mean,net_supply_to_headroom_mean,margin_gw_mean
0,high-margin limited growth,"SPP,ERCOT",0.0650462084664841,1.24456287957465,2.0943311788288708,0.37812530783286324,3.3201083938973257
1,high-margin limited growth,"NYISO,ISO-NE",0.224423449688328,0.04269754520183104,-0.23914497139329763,-0.148470409509959,4.911404179296383
2,supply-buffered expansion,CAISO,0.1122444798543136,0.4520730000855473,0.0480127687842784,3.0602288986882553,17.126406561460563
3,deficit pressure,"PJM,MISO",0.0844348816327424,0.8178322443401513,0.47522091692037133,-0.707576451836216,-6.010297055370101
