ISO,headroom_2025_MW,headroom_2025_GW
CAISO,4746.581645236816,4.746581645236816
ERCOT,10463.465388933197,10.463465388933196
ISO-NE,7828.421913620434,7.828421913620434
MISO,8248.465435501188,8.248465435501188
NYISO,4873.455023478029,4.873455023478029
PJM,18529.105401590234,18.529105401590233
SPP,3927.174212766695,3.927174212766695
