ISO,solar_kwh_m2_day,winter_summer_solar_ratio_pct,retail_minus_pv_lcoe_dollars_mwh,p95_lmp_minus_gas_cost_dollars_mwh,firm_gap_2035_GW,pv_100pct_4h_residual_pct,gas_co2_mt_mid_cf50
PJM,4.250634135884807,57.55175570158867,63.10994414914448,65.02898684999997,6.043145972049971,0.0,8.458966481307211
MISO,4.407667062626262,56.91301415276665,53.36840043485874,48.01914875000001,5.97744813869023,6.207855627431027,8.367005146456973
SPP,5.491403401429003,70.26466011829072,40.62404050628736,43.54774126116764,2.3102754767516926,0.0,3.2338359706706434
ERCOT,5.4549758225765625,74.48079446664127,26.291332363430183,54.007105,0.0,0.0,0.0
CAISO,6.1163303872889765,62.15279908309328,196.13871236343016,34.21572599999999,0.0,0.0,0.0
NYISO,3.925465432098766,45.57771612936572,128.47214236343018,137.23803500000002,0.0,0.0,0.0
ISO-NE,4.292966666666667,59.850535822882975,140.2730840300968,122.83727,0.0,0.0,0.0
