ISO_ASSIGNED,GW_mid,GW_low,GW_high,MW_mid,MW_low,MW_high,MW_2025,GW_2025,year
PJM,11.591342373524208,11.591342373524208,11.591342373524208,11591.342373524209,11591.342373524209,11591.342373524209,11591.342373524209,11.591342373524208,2025
ERCOT,2.3268044924104614,2.3268044924104614,2.3268044924104614,2326.8044924104615,2326.8044924104615,2326.8044924104615,2326.8044924104615,2.3268044924104614,2025
SPP,1.9648336567022597,1.9648336567022597,1.9648336567022597,1964.8336567022598,1964.8336567022598,1964.8336567022598,1964.8336567022598,1.9648336567022597,2025
MISO,1.7846032860981151,1.7846032860981151,1.7846032860981151,1784.6032860981152,1784.6032860981152,1784.6032860981152,1784.6032860981152,1.7846032860981151,2025
CAISO,1.7279708286001696,1.7279708286001696,1.7279708286001696,1727.9708286001696,1727.9708286001696,1727.9708286001696,1727.9708286001696,1.7279708286001696,2025
NYISO,0.06131808081317574,0.06131808081317574,0.06131808081317574,61.31808081317574,61.31808081317574,61.31808081317574,61.31808081317574,0.06131808081317574,2025
ISO-NE,0.04984484843925014,0.04984484843925014,0.04984484843925014,49.84484843925014,49.84484843925014,49.84484843925014,49.84484843925014,0.04984484843925014,2025
