ISO_ASSIGNED,year,GW_low,GW_mid,GW_high
PJM,2035,22.402675869509036,28.471181837241687,35.42590780964348
SPP,2035,7.638412657991273,9.395819575470378,11.344504579889998
ERCOT,2035,6.943446594731144,8.572751487296026,10.379004481862076
MISO,2035,6.30569198050466,7.7620514247883445,9.357264187952895
CAISO,2035,3.020253824842832,3.87377223311337,4.860989758988536
NYISO,2035,0.3607405963752245,0.4295443054108126,0.501960685513327
ISO-NE,2035,0.10029188074303942,0.12685742114487056,0.15718598201833187
