state_abb,gw_2035_low,gw_2035,gw_2035_high,gw_2025,dominant_iso,iso_share_2035,growth
VA,13.158527997012794,16.86313608804063,21.142736595387642,7.431861004745365,PJM,1.0,9.431275083295265
TX,9.664982722397149,11.81578841418962,14.131237537241137,2.3268044924104614,ERCOT,0.7255335985029132,9.488983921779159
OR,4.525113154688093,5.842108950420037,7.374853994877684,2.7646205962642174,Non-ISO,1.0,3.07748835415582
IA,3.577960829198963,4.60615406124886,5.796963340942087,2.115860814755814,MISO,0.7315618039361876,2.4902932464930463
AZ,3.69921165160535,4.60391244647815,5.602052524103282,1.284429206889275,Non-ISO,1.0000000000000002,3.319483239588875
GA,3.114146172623331,3.88791433572357,4.750119903203572,1.2031271462447226,Non-ISO,1.0,2.6847871894788478
OH,3.037607569019405,3.871556466513013,4.827465916484255,1.6053336344570657,PJM,1.0000000000000002,2.2662228320559477
IL,2.2563108153016027,2.8905814209478704,3.623918180651444,1.2638389928974505,PJM,0.9647609145336256,1.62674242805042
WA,2.2384056730809188,2.889931191577938,3.6471843657938883,1.370962779269054,Non-ISO,1.0,1.5189684123088842
CA,1.8421096751760493,2.3675678522363675,2.9767808760784042,1.0741535184239577,CAISO,1.0,1.2934143338124098
