year,top_n,share
2025,1,0.5942231097546931
2025,2,0.7135053254564245
2025,3,0.8142313266401272
2025,4,0.9057179276023977
2025,5,0.9943013001099256
2025,6,0.9974447341912293
2025,7,1.0
2035,1,0.48559135595097447
2035,2,0.6458421243948527
2035,3,0.7920550228528154
2035,4,0.9244409946706024
2035,5,0.9905102685797811
2035,6,0.9978363782895164
2035,7,1.0
