ISO_ASSIGNED,year,gw_2035_low,gw_2035,gw_2035_high,gw_2025,growth,share_2035,order
PJM,2035,22.402675869509036,28.471181837241687,35.42590780964348,11.591342373524208,16.87983946371748,0.48559135595097447,0
SPP,2035,7.638412657991273,9.395819575470378,11.344504579889998,1.9648336567022597,7.430985918768119,0.16025076844387828,1
ERCOT,2035,6.943446594731144,8.572751487296026,10.379004481862076,2.3268044924104614,6.245946994885564,0.14621289845796268,2
MISO,2035,6.30569198050466,7.7620514247883445,9.357264187952895,1.7846032860981151,5.97744813869023,0.13238597181778694,3
CAISO,2035,3.020253824842832,3.87377223311337,4.860989758988536,1.7279708286001696,2.1458014045132003,0.06606927390917874,4
NYISO,2035,0.3607405963752245,0.4295443054108126,0.501960685513327,0.06131808081317574,0.3682262245976369,0.007326109709735313,5
ISO-NE,2035,0.10029188074303942,0.12685742114487056,0.15718598201833187,0.04984484843925014,0.07701257270562042,0.0021636217104835666,6
